AA,Cys,Ser,Thr,Pro,Ala,Gly,Asn,Asp,Glu,Gln,His,Arg,Lys,Met,Ile,Leu,Val,Phe,Tyr,Trp,Ex
Cys,0,0.258,0.121,0.201,0.334,0.288,0.109,0.109,0.27,0.383,0.258,0.306,0.252,0.169,0.109,0.347,0.089,0.349,0.349,0.139,0.28
Ser,0.373,0,0.481,0.249,0.49,0.418,0.39,0.314,0.343,0.352,0.353,0.363,0.275,0.321,0.27,0.295,0.358,0.334,0.294,0.16,0.351
Thr,0.325,0.408,0,0.164,0.402,0.332,0.24,0.19,0.212,0.308,0.246,0.299,0.256,0.152,0.198,0.271,0.362,0.273,0.26,0.066,0.287
Pro,0.345,0.392,0.286,0,0.454,0.404,0.352,0.254,0.346,0.384,0.369,0.254,0.231,0.257,0.204,0.258,0.421,0.339,0.298,0.305,0.335
Ala,0.393,0.384,0.312,0.243,0,0.387,0.43,0.193,0.275,0.32,0.301,0.295,0.225,0.549,0.245,0.313,0.319,0.305,0.286,0.165,0.312
Gly,0.267,0.304,0.187,0.14,0.369,0,0.21,0.188,0.206,0.272,0.235,0.178,0.219,0.197,0.11,0.193,0.208,0.168,0.188,0.173,0.228
Asn,0.234,0.355,0.329,0.275,0.4,0.391,0,0.208,0.257,0.298,0.248,0.252,0.183,0.236,0.184,0.233,0.233,0.21,0.251,0.12,0.272
Asp,0.285,0.275,0.245,0.22,0.293,0.264,0.201,0,0.344,0.263,0.298,0.252,0.208,0.245,0.299,0.236,0.175,0.233,0.227,0.103,0.258
Glu,0.332,0.355,0.292,0.216,0.52,0.407,0.258,0.533,0,0.341,0.38,0.279,0.323,0.219,0.45,0.321,0.351,0.342,0.348,0.145,0.363
Gln,0.383,0.443,0.361,0.212,0.499,0.406,0.338,0.068,0.439,0,0.396,0.366,0.354,0.504,0.467,0.391,0.603,0.383,0.361,0.159,0.386
His,0.331,0.365,0.205,0.22,0.462,0.37,0.225,0.141,0.319,0.301,0,0.275,0.332,0.315,0.205,0.364,0.255,0.328,0.26,0.072,0.303
Arg,0.225,0.27,0.199,0.145,0.459,0.251,0.067,0.124,0.25,0.288,0.263,0,0.306,0.068,0.139,0.242,0.189,0.213,0.272,0.063,0.259
Lys,0.331,0.376,0.476,0.252,0.6,0.492,0.457,0.465,0.272,0.441,0.362,0.44,0,0.414,0.491,0.301,0.487,0.36,0.343,0.218,0.409
Met,0.347,0.353,0.261,0.085,0.357,0.218,0.544,0.392,0.287,0.394,0.278,0.112,0.135,0,0.612,0.513,0.354,0.33,0.308,0.633,0.307
Ile,0.362,0.196,0.193,0.145,0.326,0.16,0.172,0.027,0.197,0.191,0.221,0.124,0.121,0.279,0,0.417,0.494,0.331,0.323,0.073,0.252
Leu,0.366,0.212,0.165,0.146,0.343,0.201,0.162,0.112,0.199,0.25,0.288,0.185,0.171,0.367,0.301,0,0.275,0.336,0.295,0.152,0.248
Val,0.382,0.326,0.398,0.201,0.389,0.269,0.108,0.228,0.192,0.28,0.253,0.19,0.197,0.562,0.537,0.333,0,0.207,0.209,0.286,0.277
Phe,0.176,0.152,0.257,0.112,0.236,0.094,0.136,0.09,0.062,0.216,0.237,0.122,0.085,0.255,0.181,0.296,0.291,0,0.332,0.232,0.193
Tyr,0.142,0.173,0,0.194,0.402,0.357,0.129,0.087,0.176,0.369,0.197,0.34,0.171,0.392,0,0.362,0,0.36,0,0.303,0.258
Trp,0.137,0.092,0.017,0.066,0.063,0.162,0,0,0.065,0.061,0.239,0.103,0.054,0.11,0,0.177,0.11,0.364,0.281,0,0.142
EX,0.315,0.311,0.293,0.192,0.411,0.321,0.258,0.225,0.262,0.305,0.29,0.255,0.225,0.314,0.293,0.307,0.305,0.294,0.279,0.172,0.291
