AA,Leu,Ile,Val,Gly,Ala,Pro,Gln,Asn,Met,Thr,Ser,Cys,Glu,Asp,Lys,Arg,Tyr,Phe,Trp,His
Leu,0,5,9,24,15,23,22,20,20,23,23,24,30,25,23,33,30,19,30,25
Ile,5,0,7,25,17,24,24,23,22,21,25,26,31,28,24,34,34,22,34,28
Val,9,7,0,19,12,20,25,23,23,17,20,21,31,28,26,36,36,26,37,31
Gly,24,25,19,0,9,17,32,26,34,20,19,21,37,33,31,43,36,29,39,34
Ala,15,17,12,9,0,16,26,25,25,20,16,13,34,30,26,37,34,26,36,29
Pro,23,24,20,17,16,0,33,31,31,25,24,25,43,40,31,43,37,27,37,36
Gln,22,24,25,32,26,33,0,10,13,24,21,22,14,22,21,23,29,24,31,27
Asn,20,23,23,26,25,31,10,0,21,19,15,19,19,14,27,31,28,24,32,24
Met,20,22,23,34,25,31,13,21,0,25,22,17,26,31,24,28,32,24,31,30
Thr,23,21,17,20,20,25,24,19,25,0,12,19,34,29,34,38,32,28,38,34
Ser,23,25,20,19,16,24,21,15,22,12,0,13,29,25,31,37,29,25,35,28
Cys,24,26,21,21,13,25,22,19,17,19,13,0,33,28,32,36,34,29,37,31
Glu,30,31,31,37,34,43,14,19,26,34,29,33,0,7,26,31,34,35,43,27
Asp,25,28,28,33,30,40,22,14,31,29,25,28,7,0,34,39,34,35,45,35
Lys,23,24,26,31,26,31,21,27,24,34,31,32,26,34,0,14,34,28,34,27
Arg,33,34,36,43,37,43,23,31,28,38,37,36,31,39,14,0,36,34,36,31
Tyr,30,34,36,36,34,37,29,28,32,32,29,34,34,34,34,36,0,13,21,23
Phe,19,22,26,29,26,27,24,24,24,28,25,29,35,35,28,34,13,0,13,18
Trp,30,34,37,39,36,37,31,32,31,38,35,37,43,45,34,36,21,13,0,25
His,25,28,31,34,29,36,27,24,30,34,28,31,27,35,27,31,23,18,25,0
